column,entropy_bits,top_base,top_base_frac,second_base_frac,distinct_bases,genuinely_split
1,0.0,T,1.0,0.0,1,False
2,0.6694,C,0.8492,0.1397,3,True
3,0.0996,C,0.9888,0.0056,3,False
4,0.0498,A,0.9944,0.0056,2,False
5,0.5377,C,0.8771,0.1229,2,True
6,1.1485,A,0.5363,0.4358,3,True
7,0.2041,C,0.9721,0.0223,3,False
8,0.8557,C,0.8045,0.1676,4,True
9,0.0,T,1.0,0.0,1,False
10,0.9358,T,0.648,0.352,2,True
11,0.2876,C,0.9497,0.0503,2,False
12,0.0,C,1.0,0.0,1,False
13,0.0,A,1.0,0.0,1,False
14,0.3548,C,0.933,0.067,2,False
15,0.7442,A,0.8492,0.1061,3,True
16,0.5575,C,0.8883,0.1006,3,True
17,0.805,C,0.8492,0.0838,4,False
18,0.0,G,1.0,0.0,1,False
19,0.0,A,1.0,0.0,1,False
20,0.99,G,0.5587,0.4413,2,True
21,0.0,G,1.0,0.0,1,False
22,0.0,G,1.0,0.0,1,False
23,1.3754,C,0.6704,0.162,4,True
24,0.2876,G,0.9497,0.0503,2,False
25,0.2634,C,0.9553,0.0447,2,False
26,1.4953,C,0.6145,0.2235,4,True
27,0.0,G,1.0,0.0,1,False
28,0.0,G,1.0,0.0,1,False
29,1.2035,C,0.7374,0.1453,4,True
30,0.0,G,1.0,0.0,1,False
31,0.0,G,1.0,0.0,1,False
32,0.7737,C,0.838,0.1341,4,True
33,0.0,G,1.0,0.0,1,False
34,0.0,G,1.0,0.0,1,False
35,1.8045,C,0.419,0.324,4,True
36,0.0,C,1.0,0.0,1,False
37,0.0,A,1.0,0.0,1,False
38,0.7764,C,0.7709,0.2291,2,True
39,0.1228,G,0.9832,0.0168,2,False
40,0.2634,C,0.9553,0.0447,2,False
41,1.6439,G,0.4581,0.3631,4,True
42,0.0,C,1.0,0.0,1,False
43,0.0,C,1.0,0.0,1,False
44,1.3851,G,0.5307,0.3855,4,True
45,0.2382,G,0.9609,0.0391,2,False
46,0.0,A,1.0,0.0,1,False
47,0.7242,C,0.7989,0.2011,2,True
48,0.686,A,0.8771,0.067,4,False
49,0.0498,T,0.9944,0.0056,2,False
50,0.9555,C,0.7989,0.1061,4,True
51,1.1467,A,0.648,0.3128,4,True
52,0.0,T,1.0,0.0,1,False
53,1.244,C,0.6536,0.2737,4,True
54,1.5099,A,0.5922,0.2346,4,True
55,1.7713,A,0.419,0.2682,4,True
56,1.4854,G,0.5196,0.3631,4,True
57,1.4242,G,0.5419,0.3408,4,True
58,0.5834,T,0.8603,0.1397,2,True
59,1.402,C,0.5251,0.3855,4,True
60,0.8158,G,0.8101,0.162,3,True
61,1.0539,C,0.7486,0.1564,3,True
62,1.4703,C,0.5922,0.2793,4,True
63,1.0468,G,0.7263,0.2291,4,True
64,1.0692,G,0.5754,0.4134,4,True
65,1.6219,C,0.4525,0.3911,4,True
66,1.7987,C,0.4246,0.3128,4,True
67,1.1719,A,0.5475,0.4246,4,True
68,1.3303,G,0.676,0.2067,4,True
69,1.269,C,0.7263,0.1117,4,True
70,0.8966,C,0.8212,0.1061,4,True
71,1.3327,G,0.4749,0.4637,4,True
72,0.9657,A,0.7821,0.1341,3,True
73,0.0498,A,0.9944,0.0056,2,False
74,0.9164,C,0.7039,0.2905,3,True
75,0.624,G,0.8659,0.1229,3,True
76,0.0498,T,0.9944,0.0056,2,False
77,1.5028,G,0.5475,0.324,4,True
78,1.0664,C,0.743,0.162,3,True
79,0.0,T,1.0,0.0,1,False
80,1.3175,G,0.6704,0.2179,4,True
81,0.2634,C,0.9553,0.0447,2,False
82,0.2634,C,0.9553,0.0447,2,False
83,1.4951,G,0.4972,0.3911,4,True
84,1.3921,G,0.4637,0.4246,3,True
85,0.786,C,0.7654,0.2346,2,True
86,1.5629,C,0.581,0.2458,4,True
87,0.0,T,1.0,0.0,1,False
88,0.0,C,1.0,0.0,1,False
89,1.1603,G,0.676,0.2737,4,True
90,0.0,A,1.0,0.0,1,False
91,0.0,C,1.0,0.0,1,False
92,1.0382,C,0.743,0.2123,4,True
93,0.0,A,1.0,0.0,1,False
94,0.0498,A,0.9944,0.0056,2,False
95,0.6895,C,0.8156,0.1844,2,True
96,0.0,C,1.0,0.0,1,False
97,0.0,C,1.0,0.0,1,False
98,0.8968,G,0.7821,0.1899,4,True
99,0.0,A,1.0,0.0,1,False
100,0.0,C,1.0,0.0,1,False
101,1.2849,G,0.581,0.3575,4,True
102,0.7614,C,0.8492,0.0838,3,False
103,1.0387,T,0.6089,0.3799,3,True
