species,mismatch_count_fwd,mismatch_count_rev,amplicon_length,status,boundary_irregular
Brachybacterium faecium,3,5,,no_match_rev,False
Yaniella halotolerans,3,2,103,success,False
Staphylococcus ureilyticus,6,5,,no_match_both,False
Corynebacterium stationis,1,3,103,success,False
Jeotgalicoccus halotolerans,7,4,,no_match_fwd,False
Brachybacterium saurashtrense,4,4,433,off_target_position,False
Mammaliicoccus lentus,6,5,,no_match_both,False
Romboutsia ilealis,5,6,,no_match_both,False
Nocardiopsis salina,6,4,,no_match_fwd,False
Salinicoccus carnicancri,7,4,,no_match_fwd,False
Brachybacterium conglomeratum,3,6,,no_match_rev,False
Brachybacterium squillarum,4,3,103,success,False
Staphylococcus simulans,5,6,,no_match_both,False
Corynebacterium urealyticum,2,4,103,success,False
Staphylococcus cohnii,6,5,,no_match_both,False
Staphylococcus nepalensis,6,4,,no_match_fwd,False
Corynebacterium ammoniagenes,0,0,103,success,False
Lipingzhangella halophila,5,4,,no_match_fwd,False
Limosilactobacillus reuteri,3,7,,no_match_rev,False
Brachybacterium rhamnosum,4,2,103,success,False
Streptococcus alactolyticus,2,7,,no_match_rev,False
Brachybacterium halotolerans,4,4,433,off_target_position,False
Nocardiopsis kunsanensis,4,3,103,success,False
Brevibacterium oceani,6,4,,no_match_fwd,False
Anaerococcus lactolyticus,7,7,,no_match_both,False
Corynebacterium casei,1,3,103,success,False
Brachybacterium paraconglomeratum,3,6,,no_match_rev,False
Anaerococcus prevotii,6,7,,no_match_both,False
Ligilactobacillus aviarius,5,7,,no_match_both,False
Limosilactobacillus balticus,2,8,,no_match_rev,False
Mammaliicoccus sciuri,10,9,,insufficient_sequence,True
Brachybacterium zhongshanense,4,3,103,success,False
Staphylococcus saprophyticus,7,4,,no_match_fwd,False
Mammaliicoccus stepanovicii,6,5,,no_match_both,False
Limosilactobacillus agrestis,2,5,,no_match_rev,False
Corynebacterium xerosis,6,2,,no_match_fwd,False
Nocardiopsis alba,5,2,,no_match_fwd,False
Corynebacterium amycolatum,3,3,103,success,False
Georgenia muralis,3,3,103,success,False
Dietzia maris,4,1,103,success,False
Staphylococcus caeli,8,5,,no_match_both,False
Salinicoccus halodurans,7,4,,no_match_fwd,False
Brachybacterium vulturis,3,5,,no_match_rev,False
Enteractinococcus coprophilus,5,3,,no_match_fwd,False
Halomonas pellis,4,3,103,success,False
Brevibacterium atlanticum,6,4,,no_match_fwd,False
Staphylococcus arlettae,7,7,,no_match_both,False
Staphylococcus borealis,7,4,,no_match_fwd,False
Nocardiopsis coralli,6,3,,no_match_fwd,False
Dietzia psychralcaliphila,3,3,103,success,False
Brevibacterium yomogidense,3,4,436,off_target_position,False
Actinomadura livida,5,2,,no_match_fwd,False
Dietzia kunjamensis,4,1,103,success,False
Occultella kanbiaonis,4,3,103,success,False
Georgenia subflava,2,5,,no_match_rev,False
Dietzia papillomatosis,4,4,,no_match_order,False
Brachybacterium sacelli,4,3,103,success,False
Tomitella gaofuii,7,3,,no_match_fwd,False
Staphylococcus edaphicus,6,5,,no_match_both,False
Enterococcus faecium,9,7,,insufficient_sequence,True
Staphylococcus petrasii,7,5,,no_match_both,False
Anaerococcus hydrogenalis,6,7,,no_match_both,False
Ruania zhangjianzhongii,8,3,,no_match_fwd,False
Corynebacterium hansenii,4,3,103,success,False
Ligilactobacillus araffinosus,4,7,,no_match_rev,False
Lederbergia lenta,5,5,,no_match_both,False
Virgibacillus necropolis,6,5,,no_match_both,False
Natronosporangium hydrolyticum,4,5,,no_match_rev,False
Brachybacterium hainanense,5,3,,no_match_fwd,False
Staphylococcus gallinarum,7,6,,no_match_both,False
Nocardiopsis listeri,3,4,103,success,False
Staphylococcus caledonicus,5,5,,no_match_both,False
Staphylococcus schweitzeri,5,6,,no_match_both,False
Brachybacterium fresconis,5,4,,no_match_fwd,False
Lederbergia galactosidilytica,8,5,,no_match_both,False
Shigella flexneri,1,3,103,success,False
Staphylococcus succinus,7,5,,no_match_both,False
Staphylococcus hominis,6,5,,no_match_both,False
Staphylococcus pasteuri,7,6,,no_match_both,False
Mycolicibacterium smegmatis,8,6,,no_match_both,False
Brevibacterium casei,4,3,103,success,False
Streptomyces triticirhizae,4,3,103,success,False
Staphylococcus casei,7,7,,no_match_both,False
Oceanobacillus damuensis,7,5,,no_match_both,False
Staphylococcus roterodami,7,6,,no_match_both,False
Virgibacillus natechei,7,3,,no_match_fwd,False
Oceanobacillus polygoni,7,5,,no_match_both,False
Staphylococcus carnosus,9,6,,insufficient_sequence,True
Staphylococcus equorum,6,6,,no_match_both,False
Falsochrobactrum ovis,3,1,103,success,False
Dietzia alimentaria,4,2,103,success,False
Fusicatenibacter saccharivorans,7,7,,no_match_both,False
Rothia koreensis,3,4,103,success,False
Staphylococcus pseudoxylosus,6,5,,no_match_both,False
Pseudothauera rhizosphaerae,2,4,103,success,False
Corynebacterium sputi,5,4,,no_match_fwd,False
Staphylococcus xylosus,6,5,,no_match_both,False
Enterococcus casseliflavus,4,5,,no_match_rev,False
Niallia oryzisoli,5,4,,no_match_fwd,False
Georgenia soli,3,3,103,success,False
Mammaliicoccus fleurettii,7,6,,no_match_both,False
Brevibacterium sediminis,4,4,103,success,False
Staphylococcus taiwanensis,6,5,,no_match_both,False
Staphylococcus croceilyticus,7,4,,no_match_fwd,False
Staphylococcus condimenti,7,5,,no_match_both,False
Bifidobacterium pullorum,2,5,,no_match_rev,False
Blautia hominis,6,4,,no_match_fwd,False
Prauserella oleivorans,5,4,,no_match_fwd,False
Niallia endozanthoxylica,6,4,,no_match_fwd,False
Niallia circulans,7,7,,no_match_both,False
Lederbergia panacisoli,7,6,,no_match_both,False
Alkalihalobacillus lindianensis,5,6,,no_match_both,False
Agathobaculum butyriciproducens,7,7,,no_match_both,False
Halomonas gudaonensis,4,4,103,success,False
Clostridium perfringens,8,8,,no_match_both,False
Corynebacterium glyciniphilum,5,5,,no_match_both,False
Anaerococcus tetradius,6,7,,no_match_both,False
Pseudonocardia asaccharolytica,5,4,,no_match_fwd,False
Virgibacillus halophilus,8,2,,no_match_fwd,False
Dietzia aurantiaca,8,3,,no_match_fwd,False
Virgibacillus profundi,8,5,,no_match_both,False
Georgenia wutianyii,4,3,103,success,False
Halomonas antri,4,4,103,success,False
Staphylococcus warneri,7,5,,no_match_both,False
Pelagibacterium luteolum,2,5,,no_match_rev,False
Alistipes putredinis,3,4,103,success,False
Lederbergia wuyishanensis,7,5,,no_match_both,False
Occultella gossypii,6,2,,no_match_fwd,False
Staphylococcus canis,6,5,,no_match_both,False
Peribacillus asahii,7,6,,no_match_both,False
Pontibaca methylaminivorans,7,4,,no_match_fwd,False
Staphylococcus piscifermentans,6,6,,no_match_both,False
Serratia marcescens,1,4,103,success,False
Corynebacterium lactis,5,5,,no_match_both,False
Staphylococcus simiae,7,7,,no_match_both,False
Staphylococcus argenteus,6,6,,no_match_both,False
Paludisphaera soli,4,2,103,success,False
Halomonas nitroreducens,4,5,,no_match_rev,False
Clostridium tertium,5,7,,no_match_both,False
Corynebacterium glutamicum,2,4,103,success,False
Tissierella creatinini,4,7,,no_match_rev,False
Staphylococcus caprae,5,6,,no_match_both,False
Brevibacterium marinum,2,2,103,success,False
Limosilactobacillus caviae,2,7,,no_match_rev,False
Streptococcus equinus,2,7,,no_match_rev,False
Halomonas desiderata,3,3,103,success,False
Paracoccus alcaliphilus,5,5,,no_match_both,False
Clostridium disporicum,6,8,,no_match_both,False
Lederbergia citrisecundus,6,4,,no_match_fwd,False
Bacillus salipaludis,7,6,,no_match_both,False
Lederbergia citri,6,4,,no_match_fwd,False
Brachybacterium alimentarium,3,4,103,success,False
Sporosarcina luteola,6,5,,no_match_both,False
Nitratireductor aestuarii,3,4,436,off_target_position,False
Staphylococcus debuckii,6,6,,no_match_both,False
Cytobacillus depressus,7,6,,no_match_both,False
Alistipes senegalensis,2,5,,no_match_rev,False
Blautia producta,5,6,,no_match_both,False
Sporosarcina koreensis,6,5,,no_match_both,False
Saccharopolyspora gloriosae,5,4,,no_match_fwd,False
Siminovitchia acidinfaciens,6,6,,no_match_both,False
Escherichia coli,4,3,103,success,False
Brevibacterium sanguinis,4,4,103,success,False
Paenalcaligenes niemegkensis,5,7,,no_match_both,False
Stackebrandtia endophytica,5,1,,no_match_fwd,False
Bordetella bronchiseptica,6,2,,no_match_fwd,False
Oceanobacillus profundus,7,5,,no_match_both,False
Clostridium saudiense,6,7,,no_match_both,False
Oceanobacillus zhaokaii,7,5,,no_match_both,False
Corynebacterium nuruki,3,4,103,success,False
Corynebacterium maris,3,3,103,success,False
Brevibacterium permense,3,4,103,success,False
Mycolicibacter algericus,5,4,,no_match_fwd,False
Arthrobacter cavernae,2,4,103,success,False
Mycolicibacterium chitae,3,4,103,success,False
Paralcaligenes ginsengisoli,3,5,,no_match_rev,False
Odoribacter splanchnicus,6,5,,no_match_both,False
Proteus mirabilis,6,8,,insufficient_sequence,True
Paenarthrobacter nitroguajacolicus,1,3,103,success,False
Alkalihalophilus pseudofirmus,7,6,,no_match_both,False
Brevibacterium ammoniilyticum,6,5,,no_match_both,False
Lederbergia ruris,8,5,,no_match_both,False
Paralcaligenes ureilyticus,5,5,,no_match_both,False
Bacillus velezensis,8,5,,no_match_both,False
Dietzia cinnamea,4,4,,no_match_order,False
Rhodococcus phenolicus,4,3,103,success,False
Mycolicibacillus trivialis,5,4,,no_match_fwd,False
Oceanicella actignis,3,4,103,success,False
Virgibacillus soli,7,6,,no_match_both,False
Brachybacterium horti,4,3,103,success,False
Brachybacterium ginsengisoli,4,3,103,success,False
Paludisphaera borealis,4,5,,no_match_rev,False
Oceanobacillus oncorhynchi,7,5,,no_match_both,False
Streptomyces mimosae,4,3,103,success,False
Arthrobacter celericrescens,2,3,103,success,False
Halomonas tibetensis,1,4,103,success,False
Nocardia nova,6,5,,no_match_both,False
Actinomadura geliboluensis,4,1,103,success,False
Halalkalibacterium halodurans,5,5,,no_match_both,False
Staphylococcus devriesei,5,5,,no_match_both,False
Enterococcus ratti,4,5,,no_match_rev,False
Neobacillus cucumis,8,6,,no_match_both,False
Neobacillus niacini,6,6,,no_match_both,False
Sporosarcina jiandibaonis,4,4,103,success,False
Priestia flexa,6,7,,no_match_both,False
Oligella ureolytica,3,5,,no_match_rev,False
Alistipes timonensis,2,4,103,success,False
Pseudarthrobacter chlorophenolicus,2,3,103,success,False
Bacillus subtilis,6,6,,no_match_both,False
Butyricicoccus porcorum,3,4,103,success,False
Neobacillus bataviensis,7,5,,no_match_both,False
Mycolicibacterium sphagni,5,4,,no_match_fwd,False
Priestia megaterium,4,6,,no_match_rev,False
Nonomuraea harbinensis,4,2,103,success,False
Blautia coccoides,5,6,,no_match_both,False
Ornithinimicrobium cavernae,5,3,,no_match_fwd,False
Anaerostipes hadrus,6,6,,no_match_both,True
Corynebacterium parakroppenstedtii,1,5,,no_match_rev,False
Arthrobacter silvisoli,2,3,103,success,False
Staphylococcus chromogenes,8,4,,no_match_fwd,False
Nocardiopsis composta,6,2,,no_match_fwd,False
Brevibacterium aurantiacum,3,2,103,success,False
Patulibacter ginsengiterrae,2,4,103,success,False
Sporosarcina newyorkensis,7,6,,no_match_both,False
Bacillus timonensis,5,5,,no_match_both,False
Zhenhengia yiwuensis,4,6,,no_match_rev,False
Virgibacillus halotolerans,7,5,,no_match_both,False
Neobacillus drentensis,5,6,,no_match_both,False
Halomonas cerina,3,5,,no_match_rev,False
Virgibacillus halodenitrificans,6,6,,no_match_both,False
Priestia aryabhattai,4,6,,no_match_rev,False
Eoetvoesia caeni,5,4,,no_match_fwd,False
Mycolicibacter terrae,3,6,,no_match_rev,False
Sporosarcina ureae,7,5,,no_match_both,False
Streptococcus infantarius,4,7,,no_match_rev,False
Neobacillus novalis,7,7,,no_match_both,False
Caldalkalibacillus mannanilyticus,6,6,,no_match_both,False
Streptomyces malaysiensis,5,5,,no_match_both,False
Oceanobacillus rekensis,7,4,,no_match_fwd,False
Nocardiopsis sediminis,5,5,,no_match_both,False
Actinoallomurus iriomotensis,5,4,,no_match_fwd,False
Kocuria uropygialis,3,2,103,success,False
Corynebacterium falsenii,3,5,,no_match_rev,False
Mycolicibacterium mageritense,3,4,103,success,False
Bacillus marasmi,5,7,,no_match_both,False
Alistipes shahii,3,2,103,success,False
Proteus penneri,5,7,,no_match_both,False
Peribacillus huizhouensis,7,6,,no_match_both,True
Acinetobacter guillouiae,6,7,,no_match_both,False
Salmonella enterica,3,3,103,success,False
Aquibacillus albus,5,7,,no_match_both,False
Corynebacterium variabile,3,2,103,success,False
Streptomyces iranensis,6,2,,no_match_fwd,False
Mycolicibacterium wolinskyi,4,3,103,success,False
Corynebacterium flavescens,3,4,103,success,False
Saccharopolyspora tripterygii,8,2,,no_match_fwd,False
Corynebacterium singulare,2,4,103,success,False
Bacillus benzoevorans,6,6,,no_match_both,False
Kocuria atrinae,4,4,103,success,False
Neobacillus vireti,6,6,,no_match_both,False
Neobacillus soli,7,7,,no_match_both,False
Corynebacterium neomassiliense,3,5,,no_match_rev,False
Corynebacterium terpenotabidum,3,5,,no_match_rev,False
Neobacillus ginsengisoli,5,7,,no_match_both,False
Actinomadura montaniterrae,4,4,103,success,False
Bacillus atrophaeus,6,6,,no_match_both,False
Neobacillus pocheonensis,5,6,,no_match_both,False
Staphylococcus pettenkoferi,6,6,,no_match_both,False
Oceanobacillus chungangensis,7,5,,no_match_both,False
Ignatzschineria larvae,5,4,,no_match_fwd,False
Mycobacterium senegalense,3,4,103,success,False
Psychrobacillus lasiicapitis,5,6,,no_match_both,False
Paenibacillus rigui,4,6,,no_match_rev,False
Singulisphaera rosea,4,1,103,success,False
Cohnella luojiensis,3,6,,no_match_rev,False
Ectobacillus funiculus,5,5,,no_match_both,False
Aeromicrobium flavum,4,3,103,success,False
Nocardiopsis mangrovei,5,4,,no_match_fwd,False
Pusillimonas thiosulfatoxidans,6,4,,no_match_fwd,False
Rhodoplanes azumiensis,3,4,103,success,False
Microbispora bryophytorum,4,5,,no_match_rev,False
Peribacillus simplex,6,4,,no_match_fwd,False
Enterobacter quasihormaechei,2,4,103,success,False
Zhenpiania hominis,5,7,,no_match_both,False
Streptomyces triticisoli,5,3,,no_match_fwd,False
Enterococcus rotai,5,7,,no_match_both,False
Streptomyces durhamensis,4,4,103,success,False
Corynebacterium suranareeae,2,4,103,success,False
Glutamicibacter arilaitensis,1,3,103,success,False
Lactiplantibacillus plantarum,3,6,,no_match_rev,False
Bacillus amyloliquefaciens,8,5,,no_match_both,False
Nocardiopsis coralliicola,7,5,,no_match_both,False
Gordonia amarae,4,4,103,success,False
Serratia surfactantfaciens,1,4,103,success,False
Blautia luti,10,9,,no_match_both,False
Halomonas urumqiensis,3,4,103,success,False
Halomonas endophytica,3,4,103,success,False
Bacillus licheniformis,6,4,,no_match_fwd,False
Sanguibacter gelidistatuariae,5,4,,no_match_fwd,False
Micromonospora zhanjiangensis,5,4,,no_match_fwd,False
Cellulomonas flavigena,5,1,,no_match_fwd,False
Bacillus halotolerans,6,7,,no_match_both,False
Streptomyces cacaoi,4,4,103,success,False
Kocuria uropygioeca,3,2,103,success,False
Mesobacillus harenae,6,6,,no_match_both,False
Micrococcus luteus,3,3,103,success,False
Metabacillus litoralis,5,6,,no_match_both,False
Corynebacterium efficiens,4,4,103,success,False
Corynebacterium deserti,2,4,103,success,False
Kocuria massiliensis,1,0,103,success,False
Actinacidiphila bryophytorum,6,5,,no_match_both,False
Glutamicibacter halophytocola,1,1,103,success,False
Pseudarthrobacter defluvii,3,4,103,success,False
Amycolatopsis pigmentata,6,5,,no_match_both,False
Lentibacillus juripiscarius,7,7,,no_match_both,False
Lysinibacillus fusiformis,5,7,,no_match_both,False
Psychrobacter sanguinis,5,4,,no_match_fwd,False
Nitrosococcus oceani,5,5,,no_match_both,False
Staphylococcus pseudintermedius,7,4,,no_match_fwd,False
Actinomadura fulvescens,5,4,,no_match_fwd,False
Microvirga massiliensis,3,5,,no_match_rev,False
Mycolicibacterium lutetiense,4,5,,no_match_rev,False
Paracoccus haematequi,6,4,,no_match_fwd,False
Bhargavaea beijingensis,5,2,,no_match_fwd,False
Salicibibacter halophilus,6,7,,no_match_both,False
Staphylococcus haemolyticus,7,4,,no_match_fwd,False
Vulgatibacter incomptus,6,3,,no_match_fwd,False
Paenibacillus terrigena,7,4,,no_match_fwd,False
Mycolicibacterium duvalii,3,4,103,success,False
Staphylococcus hyicus,7,7,,no_match_both,False
Staphylococcus intermedius,8,5,,no_match_both,False
Castellaniella defragrans,5,2,,no_match_fwd,False
Alistipes finegoldii,3,4,103,success,False
Verticiella sediminum,3,4,103,success,False
Tsukamurella hominis,3,4,103,success,False
Rhodococcus rhodochrous,4,0,103,success,False
Camelimonas fluminis,4,5,,no_match_rev,False
Paenibacillus daejeonensis,5,6,,no_match_both,False
Mycobacterium paraense,4,5,,no_match_rev,False
Microbispora camponoti,4,5,,no_match_rev,False
Sporosarcina soli,5,7,,no_match_both,False
Sporosarcina saromensis,6,6,,no_match_both,False
Pseudothauera nasutitermitis,1,5,,no_match_rev,False
Paenibacillus aestuarii,4,5,,no_match_rev,False
Paenibacillus glycanilyticus,4,4,103,success,False
Oceanimonas doudoroffii,4,6,,no_match_rev,False
Sphingomonas formosensis,4,4,103,success,False
Pedococcus ginsenosidimutans,4,3,103,success,False
Pseudarthrobacter niigatensis,2,3,103,success,False
Rothia halotolerans,5,3,,no_match_fwd,False
Advenella kashmirensis,2,5,,no_match_rev,False
Halomonas azerbaijanica,3,3,103,success,False
Halomonas campisalis,3,3,103,success,False
Methylocapsa aurea,5,4,,no_match_fwd,False
Brachybacterium phenoliresistens,6,1,,no_match_fwd,False
Caenimonas soli,4,3,103,success,False
Delftia acidovorans,2,5,,no_match_rev,False
Cellulosimicrobium marinum,5,2,,no_match_fwd,False
Noviherbaspirillum soli,1,5,,no_match_rev,False
Cellulomonas denverensis,4,3,103,success,False
Halomonas kenyensis,4,3,103,success,False
Halomonas lactosivorans,3,2,103,success,False
Halomonas lysinitropha,4,4,103,success,False
Paenalcaligenes hominis,4,6,,no_match_rev,False
Halomonas organivorans,4,5,,no_match_rev,False
Labilithrix luteola,3,4,103,success,False
Hyalangium minutum,6,3,,no_match_fwd,False
Microbacterium proteolyticum,5,4,,no_match_fwd,False
Rhodoplanes elegans,3,4,103,success,False
Schnuerera ultunensis,5,5,,no_match_both,False
Pseudorhodoplanes sinuspersici,3,6,,no_match_rev,False
Arthrobacter cupressi,1,3,103,success,False
Methylorubrum rhodinum,2,4,103,success,False
Arthrobacter oryzae,3,4,103,success,False
Proteus columbae,5,6,,no_match_both,False
Yimella lutea,3,4,103,success,False
Microvirga vignae,5,3,,no_match_fwd,False
Methylosinus sporium,5,4,,no_match_fwd,False
Arthrobacter woluwensis,3,1,103,success,False
Bradyrhizobium centrosematis,3,2,103,success,False
Bradyrhizobium icense,3,3,103,success,False
Hyphomicrobium denitrificans,4,6,,no_match_rev,False
Filomicrobium insigne,4,5,,no_match_rev,False
Bradyrhizobium liaoningense,4,4,103,success,False
Aureimonas phyllosphaerae,4,2,103,success,False
Alsobacter metallidurans,2,4,103,success,False
Brucella pseudogrignonensis,5,5,,no_match_both,False
Singulisphaera acidiphila,5,2,,no_match_fwd,False
Escherichia albertii,5,5,,no_match_both,False
Pseudochrobactrum asaccharolyticum,8,5,,no_match_both,False
Pseudochrobactrum saccharolyticum,7,5,,no_match_both,False
Aquisphaera giovannonii,4,2,103,success,False
Devosia oryziradicis,4,2,103,success,False
Nitrospira japonica,3,5,,no_match_rev,False
Enterobacter sichuanensis,1,2,103,success,False
Dermacoccus barathri,4,3,103,success,False
Pseudaminobacter soli,4,4,103,success,False
Pseudolabrys taiwanensis,1,3,103,success,False
Paracoccus acridae,4,2,103,success,False
Paracoccus angustae,5,3,,no_match_fwd,False
Paracoccus caeni,4,4,103,success,False
Brucella intermedia,6,5,,no_match_both,False
Oceanisphaera ostreae,2,5,,no_match_rev,False
Paracoccus pantotrophus,3,2,103,success,False
Psychrobacter pasteurii,5,5,,no_match_both,False
Nesterenkonia cremea,5,2,,no_match_fwd,False
Pelagivirga dicentrarchi,5,3,,no_match_fwd,True
Pedococcus bigeumensis,3,3,103,success,False
Povalibacter uvarum,5,5,,no_match_both,False
Rhizobium alvei,2,3,103,success,False
Nitratireductor pacificus,3,1,103,success,False
Bradyrhizobium mercantei,3,4,103,success,False
Serratia nematodiphila,1,3,103,success,False
Bradyrhizobium murdochi,3,2,103,success,False
Bradyrhizobium paxllaeri,2,3,103,success,False
Bradyrhizobium viridifuturi,8,5,,no_match_both,False
Enterobacter cancerogenus,1,4,103,success,False
Glutamicibacter endophyticus,2,4,103,success,False
Chelativorans multitrophicus,3,6,,no_match_rev,False
Corynebacterium auriscanis,4,2,103,success,False
Mesorhizobium amorphae,4,5,,no_match_rev,False
Sanguibacter suarezii,4,2,103,success,False
Cedecea lapagei,1,3,103,success,False
Mesorhizobium australicum,4,3,103,success,False
Mesorhizobium comanense,2,3,103,success,False
Paenibacillus illinoisensis,5,5,,no_match_both,False
Paenibacillus lautus,3,4,103,success,False
Paenibacillus oryzisoli,5,4,,no_match_fwd,False
Paenibacillus polymyxa,5,6,,no_match_both,False
Paenibacillus psychroresistens,5,6,,no_match_both,False
Paenibacillus silvae,5,6,,no_match_both,False
Paenibacillus silvestris,6,6,,no_match_both,False
Paenibacillus swuensis,4,6,,no_match_rev,False
Paenibacillus tyrfis,3,5,,no_match_rev,False
Paenibacillus favisporus,6,4,,no_match_fwd,False
Brevibacillus reuszeri,6,6,,no_match_both,False
Cohnella panacarvi,4,4,103,success,True
Paenibacillus alba,6,4,,no_match_fwd,False
Paenibacillus allorhizosphaerae,5,5,,no_match_both,False
Paenibacillus antri,4,4,103,success,False
Paenibacillus barcinonensis,5,6,,no_match_both,False
Paenibacillus catalpae,4,6,,no_match_rev,False
Mycolicibacterium peregrinum,6,5,,no_match_both,False
Bacteroides ovatus,4,5,,no_match_rev,False
Bacteroides koreensis,4,5,,no_match_rev,False
Mycolicibacterium iranicum,4,5,,no_match_rev,False
Mycolicibacterium houstonense,6,6,,no_match_both,False
Mycolicibacterium farcinogenes,3,4,103,success,False
Staphylococcus agnetis,7,5,,no_match_both,False
Mycolicibacterium confluentis,5,4,,no_match_fwd,False
Mycolicibacterium brumae,6,5,,no_match_both,False
Macrococcus equipercicus,7,5,,no_match_both,False
Sporosarcina beigongshangi,5,7,,no_match_both,False
Ureibacillus manganicus,5,6,,no_match_both,False
Nocardia niigatensis,6,5,,no_match_both,False
Nocardia mikamii,6,5,,no_match_both,False
Nocardia inohanensis,5,4,,no_match_fwd,True
Rhodococcus wratislaviensis,6,4,,no_match_fwd,False
Micromonospora andamanensis,5,5,,no_match_both,False
Ectobacillus panaciterrae,7,7,,no_match_both,False
Bacillus massiliglaciei,6,5,,no_match_both,False
Geobacillus kaustophilus,5,5,,no_match_both,False
Bacillus cihuensis,8,5,,no_match_both,False
Lysinibacillus xylanilyticus,5,6,,no_match_both,False
Bacillus thuringiensis,4,4,103,success,False
Bacillus rugosus,6,6,,no_match_both,False
Bacillus sonorensis,7,5,,no_match_both,False
Bacillus swezeyi,6,5,,no_match_both,False
Bacillus toyonensis,4,5,,no_match_rev,False
Bacillus tropicus,4,4,103,success,False
Bacillus nakamurai,7,5,,no_match_both,False
Bacillus wiedmannii,4,4,103,success,False
Bacillus mojavensis,5,6,,no_match_both,False
Dictyobacter arantiisoli,6,5,,no_match_both,False
Tsukamurella tyrosinosolvens,2,3,103,success,False
Peribacillus frigoritolerans,5,5,,no_match_both,False
Pontibacter flavimaris,3,5,,no_match_rev,False
Rhodococcus zopfii,4,2,103,success,False
Peribacillus loiseleuriae,6,4,,no_match_fwd,False
Neobacillus piezotolerans,3,4,103,success,False
Niallia nealsonii,7,7,,no_match_both,False
Oceanobacillus aidingensis,7,5,,no_match_both,False
Oceanobacillus arenosus,7,4,,no_match_fwd,False
Alkalihalobacterium elongatum,5,6,,no_match_both,False
Oceanobacillus piezotolerans,7,5,,no_match_both,False
Effusibacillus consociatus,7,5,,no_match_both,False
Solirubrobacter soli,4,3,103,success,False
Solirubrobacter ginsenosidimutans,4,3,103,success,False
Baekduia soli,6,4,,no_match_fwd,False
Pseudonocardia ammonioxydans,6,1,,no_match_fwd,False
Pseudonocardia adelaidensis,4,4,103,success,False
Pseudonocardia acaciae,4,4,103,success,False
Clostridium hydrogenum,5,7,,no_match_both,False
Prauserella flavalba,5,5,,no_match_both,False
Goodfellowiella coeruleoviolacea,6,5,,no_match_both,False
Amycolatopsis lexingtonensis,5,4,,no_match_fwd,False
Pseudonocardia eucalypti,4,3,103,success,False
Limosilactobacillus rudii,2,6,,no_match_rev,False
Streptomyces bluensis,6,4,,no_match_fwd,False
Streptomyces anandii,4,4,103,success,False
Streptomyces albus,3,4,103,success,False
Streptomyces alanosinicus,4,5,,no_match_rev,False
Actinacidiphila rubida,5,5,,no_match_both,False
Saccharopolyspora taberi,7,4,,no_match_fwd,False
Saccharopolyspora karakumensis,4,3,103,success,False
Saccharopolyspora flava,5,4,,no_match_fwd,False
Saccharopolyspora endophytica,4,3,103,success,False
Saccharopolyspora aridisoli,4,3,103,success,False
Actinopolymorpha cephalotaxi,4,3,103,success,False
Nakamurella flava,6,2,,no_match_fwd,False
Rugosimonospora acidiphila,6,6,,no_match_both,False
Micromonospora sonneratiae,3,5,,no_match_rev,False
Roseburia intestinalis,10,10,,no_match_both,False
Actinomycetospora straminea,5,4,,no_match_fwd,False
Nocardioides glacieisoli,4,2,103,success,False
Streptomyces camponoticapitis,6,3,,no_match_fwd,False
Microbispora corallina,4,5,,no_match_rev,False
Spiractinospora alimapuensis,4,3,103,success,False
Mycobacterium pallens,6,5,,no_match_both,False
Mycobacterium barrassiae,5,3,,no_match_fwd,False
Trebonia kvetii,5,4,,no_match_fwd,False
Actinomadura rudentiformis,4,4,103,success,False
Actinomadura nitritigenes,5,4,,no_match_fwd,False
Staphylococcus massiliensis,8,5,,no_match_both,False
Sphaerimonospora thailandensis,3,5,,no_match_rev,True
Actinomadura keratinilytica,4,4,103,success,False
Actinomadura bangladeshensis,4,2,103,success,False
Actinoallomurus acanthiterrae,5,3,,no_match_fwd,False
Corynebacterium tapiri,2,3,103,success,False
Streptomyces qinglanensis,4,3,103,success,False
Streptomyces pseudogriseolus,6,4,,no_match_fwd,False
Streptomyces prasinosporus,4,3,103,success,False
Streptomyces oryzae,4,4,103,success,False
Streptomyces nigra,4,3,103,success,False
Streptomyces lannensis,4,3,103,success,False
Dietzia natronolimnaea,3,2,103,success,False
Streptomyces indonesiensis,6,4,,no_match_fwd,False
Streptomyces hirsutus,4,6,,no_match_rev,False
Streptomyces gobiensis,3,5,,no_match_rev,False
Streptomyces rubrisoli,4,4,103,success,False
Gordonia effusa,7,4,,no_match_fwd,False
Streptomyces rutgersensis,2,2,103,success,False
Marinitenerispora sediminis,5,4,,no_match_fwd,False
Streptomyces variabilis,3,4,103,success,False
Streptomyces tateyamensis,5,4,,no_match_fwd,False
Streptomyces samsunensis,5,4,,no_match_fwd,False
